NeighborhoodName,City,State,CountyName,SizeRank,2018-1,2018-2,2018-3,2018-04,2018-05,2018-06
Maryvale,Phoenix,AZ,Maricopa,1,0.741158617,0.7482108,0.740742783,0.739299611,0.758938931,0.777992751
Upper West Side,New York,NY,New York,2,5.421920058,5.417602996,5.424267374,5.418885532,5.25,5.218528034
Upper East Side,New York,NY,New York,3,5.181924545,5.157390762,5.164885391,5.081818182,4.822866345,4.787681664
Paradise Valley,Phoenix,AZ,Maricopa,4,1.090328467,1.081665765,1.082598236,1.089282344,1.106083459,1.143451143
Deer Valley,Phoenix,AZ,Maricopa,5,0.893213573,0.87966221,0.878334418,0.881410256,0.891967754,0.929824561
North Mountain,Phoenix,AZ,Maricopa,6,0.890461997,0.889344054,0.90497105,0.926666667,0.953827461,0.968103489
Far North,Dallas,TX,Dallas,7,1.419298579,1.36130137,1.31275441,1.443695861,1.632047478,1.453703704
Paradise,Las Vegas,NV,Clark,1,740,850,940,948,915,973
Williamsburg,New York,NY,Kings,9,4.708798017,4.787234043,4.910037396,4.631083203,4.691658224,4.768598616
East Side,El Paso,TX,El Paso,10,0.727756566,0.752351097,0.757214382,0.747362251,0.747220357,0.762910798
Camelback East,Phoenix,AZ,Maricopa,11,1.213740458,1.229946524,1.252983294,1.260956175,1.278820375,1.238850347
Harlem,New York,NY,New York,12,3.983472691,4.122065184,3.902173913,3.819444444,3.911564626,3.950437318
East Harlem,New York,NY,New York,13,5.025996534,5.025996534,5.025996534,5.182240705,5.294117647,5.490196078
North Scottsdale,Scottsdale,AZ,Maricopa,14,1.268066109,1.290277778,1.298884207,1.303780965,1.306630706,1.289980159
South Mountain,Phoenix,AZ,Maricopa,15,0.832409741,0.816455696,0.829045643,0.822122571,0.860467037,0.861220472
South Side,Corpus Christi,TX,Nueces,16,0.975160227,0.956639732,0.947986577,0.959821966,0.993749468,0.992207716
Central City,Corpus Christi,TX,Nueces,17,1.024946074,1.084848485,1.06292517,1.031375704,0.991943605,1.013646741
Northeast,El Paso,TX,El Paso,18,0.695836881,0.700892857,0.690662561,0.696880905,0.700295939,0.710227273
Maryvale,Phoenix,AZ,Maricopa,2,690.5,692,699,724,724,707
Northwest,El Paso,TX,El Paso,20,0.749585563,0.758384146,0.754049112,0.774706868,0.762527233,0.743632103
South Scottsdale,Scottsdale,AZ,Maricopa,21,1.332741267,1.343389044,1.37612206,1.388888889,1.377118644,1.341635662
Flushing,New York,NY,Queens,22,2.813907658,2.658333333,2.612845273,2.64004329,2.787645479,2.570351138
Ahwatukee Foothills,Phoenix,AZ,Maricopa,23,0.93227894,0.929582712,0.945502877,0.977835724,1.007931262,1.051055264
North Raleigh,Raleigh,NC,Wake,24,0.828252398,0.850960822,0.854779412,0.852272727,0.858090285,0.859249437
Ridgewood,New York,NY,Queens,25,0.729627355,0.763636364,0.727272727,0.80195234,0.737037037,0.730994152
Northwest Raleigh,Raleigh,NC,Wake,26,0.908316679,0.901388401,0.908430233,0.922313484,0.940652331,0.934579439
Estrella,Phoenix,AZ,Maricopa,27,0.682471264,0.679886686,0.670267361,0.670675301,0.696549059,0.694484343
Ozone Park,New York,NY,Queens,28,1.103351583,1.104664608,1.075750784,1.203281853,1.114827202,1.136363636
Gramercy,New York,NY,New York,29,5.2,5.172413793,5.278174603,5.278571429,5.084705882,5.153203343
Northeast Raleigh,Raleigh,NC,Wake,30,0.838474175,0.83249328,0.827922078,0.825504675,0.82972583,0.863213811
Central City,Phoenix,AZ,Maricopa,31,1.462343096,1.390922401,1.387545669,1.378275113,1.507296157,1.505711319
Casas Adobes,Tucson,AZ,Pima,32,0.808715513,0.788778878,0.800110464,0.790673315,0.822181943,0.81148895
Maspeth,New York,NY,Queens,33,0.998,0.98944591,0.934664247,1.038632254,0.892857143,1.044079129
Chelsea,New York,NY,New York,34,6.255287648,6.228108108,6.05469652,6,5.995203837,5.878840025
Oak Lawn,Dallas,TX,Dallas,35,2.072545242,2.07677536,2.020920502,2.101769912,2.035087719,1.992939418
Upper West Side,New York,NY,New York,3,3200,3200,3175,3200,3260,3235
Greenwich Village,New York,NY,New York,37,5.90239126,5.706521739,5.762023217,5.746268657,5.166666667,4.62890625
Rego Park,New York,NY,Queens,38,3.157349896,3.010372945,2.874207375,2.945743515,3.049447544,2.889457245
Bay Area,Corpus Christi,TX,Nueces,39,1,0.938110006,0.957744136,0.979381443,1.003731948,0.999487442
Desert View,Phoenix,AZ,Maricopa,40,1.095976358,1.108359825,1.119033589,1.143641354,1.143641354,1.122923588
Lake View East,Chicago,IL,Cook,41,2.29984544,2.365906668,2.436363636,2.411271298,2.553571429,2.590144811
Fort Greene,New York,NY,Kings,42,4.919265508,4.902755816,4.961460446,4.819297861,4.623282557,4.883578431
Columbia Heights,Washington,DC,District of Columbia,43,3.83490566,3.840529753,3.82231405,3.592505855,3.625,3.771226415
Laveen,Phoenix,AZ,Maricopa,44,0.618448803,0.606460966,0.618537666,0.619716073,0.643360752,0.65024872
West Raleigh,Raleigh,NC,Wake,45,0.893917367,0.90754281,0.904865879,0.932684509,0.965266559,1.022999502
Glendale,New York,NY,Queens,46,0.884615385,0.833333333,0.898280642,0.886363636,0.844594595,0.878137897
Sherman Oaks,Los Angeles,CA,Los Angeles,4,1770,1750,1737,1750,1795,1795
Capitol Hill,Seattle,WA,King,48,3.559645039,3.414285714,3.326180258,3.414285714,3.663382298,3.640013793
M Streets,Dallas,TX,Dallas,49,1.884700665,1.894370441,1.884936145,1.893042378,1.9664903,2.013477089
Downtown,Jersey City,NJ,Hudson,50,3.982300885,4.049295775,3.985553772,3.98,3.934740883,3.621212121
Financial District,New York,NY,New York,51,5.091666667,5.065359477,5.05084068,4.991620879,5,5.241480624
Flatiron District,New York,NY,New York,52,6.406199419,6.372340426,6.377910967,6.350550381,6.141522029,6.079965518
Journal Square,Jersey City,NJ,Hudson,53,3.2,3.316912972,2.933333333,3.155935997,3.259762309,3.21491904
College Point,New York,NY,Queens,54,1.32780083,1.31963812,1.223404255,1.255230126,1.207243461,1.094896332
Ravenswood,Chicago,IL,Cook,55,1.904545455,1.9,1.99,1.98,2.010638298,2.026422764
University District,Seattle,WA,King,56,3.462837838,3.485377694,3.779456573,3.56122449,3.487261146,3.775510204
Flamingo Lummus,Miami Beach,FL,Miami-Dade,57,3.106796117,3.095238095,3.074945726,2.977667494,3,3.095238095
West Village,New York,NY,New York,58,6.423528333,6.251422071,6.251422071,6.261425321,5.984508349,5.997368421
Brickell,Miami,FL,Miami-Dade,59,3.311258278,3.105014034,2.841359307,2.760252366,2.844036697,2.892136249
Brooklyn Heights,New York,NY,New York,60,4.8,4.577179236,4.545454545,4.572727273,4.211501063,4.429915899
Waikiki,Honolulu,HI,Honolulu,61,4.554014567,4.705882353,4.910027473,4.660660661,4.591064673,4.63474026
Back Bay,Boston,MA,Suffolk,62,4.545454545,4.5625,4.511278195,4.3625,4.326430805,4.287526427
Near North,Chicago,IL,Cook,63,2.814781508,2.780952381,2.8,2.910349429,2.928501658,3.112414761
Sutton Place,New York,NY,New York,64,5.178571429,5.214285714,4.99375,4.7,4.209337349,4.173913043
Upper East Side,New York,NY,New York,5,2700,2695,2650,2600,2649,2687.5
Sunrise Manor,Las Vegas,NV,Clark,6,725,725,725,748,744,770
Hyde Park,Chicago,IL,Cook,67,2.637108262,2.411466109,2.486111111,2.546938776,2.546938776,2.54985755
Streeterville,Chicago,IL,Cook,68,2.913043478,2.890245971,2.877192982,2.916666667,2.922269642,2.923984105
Warrendale,Detroit,MI,Wayne,69,0.888625592,0.912683538,0.932835821,0.949796472,0.945231087,0.927948704
Spring Valley,Las Vegas,NV,Clark,7,950,999,1054,1099,1135,1135
Turtle Bay,New York,NY,New York,71,5.234042553,5.184270644,5.268935236,5.172504957,5.210776925,5.090863227
Midtown,New York,NY,New York,72,5.493482309,5.445454545,5.751241846,5.746057514,5.57678594,5.662460568
Southwest Raleigh,Raleigh,NC,Wake,73,0.87890625,0.943531094,0.969967532,0.919197504,0.957625483,1.001517075
Adams Morgan,Washington,DC,District of Columbia,74,4.298548693,3.983292994,3.940529482,3.744239631,3.782051282,3.66598778
Midtown,Atlanta,GA,Fulton,75,2.237860722,2.413433658,2.645590682,2.571528019,2.875426621,2.856037152
Tribeca,New York,NY,New York,76,6.295485378,6.011904762,6.26984127,6.116441936,6.164615385,6.223894958
Logan Circle,Washington,DC,District of Columbia,77,3.58905314,3.774533658,3.707093822,3.73625,3.673228346,3.581982062
Kenmore,Boston,MA,Suffolk,78,5.126404494,5.1,5.126404494,5.066098485,4.857142857,4.904632153
Wynwood - Edgewater,Miami,FL,Miami-Dade,79,2.923445652,2.865476019,2.958928571,2.900763359,2.964285714,2.875
Belair-Edison,Baltimore,MD,Baltimore City,80,1.140350877,1.145533739,1.157931589,1.118421053,1.119559152,1.156069364
Central West End,Saint Louis,MO,Saint Louis City,81,1.334160207,1.337209302,1.439232409,1.5,1.5,1.555555556
Rita Ranch,Tucson,AZ,Pima,82,0.740635139,0.747724317,0.747487437,0.752508361,0.757575758,0.763848397
Tudor City,New York,NY,New York,83,4.993065187,4.993065187,4.965277778,5,4.582841638,4.545454545
Capitol Hill,Denver,CO,Denver,84,2.55608804,2.568950024,2.611490683,2.503196931,2.442528736,2.5
Southeast Raleigh,Raleigh,NC,Wake,85,0.784952607,0.757205667,0.75487013,0.753211343,0.767720957,0.766188828
Battery Park,New York,NY,New York,86,5.267423015,5.16434,5.080645161,5.112781955,5.222222222,5.359877489
Dupont Circle,Washington,DC,District of Columbia,87,4.226079805,4.198337459,4.264018692,4.138326586,4.415584416,4.378478664
Afton Oaks - River Oaks Area,Houston,TX,Harris,88,2.101114342,2.229439159,2.121684867,2.208972137,2.191033138,2.131280389
Northwest,Portland,OR,Multnomah,89,2.589243803,2.64070568,2.61117075,2.620399338,2.630357143,2.671428571
North Gateway,Phoenix,AZ,Maricopa,90,0.774298016,0.750243057,0.780933063,0.76711251,0.767401643,0.782423154
Downtown,Bellevue,WA,King,91,3.348082021,3.175308642,3.11302682,3.219839142,3.198924731,3.289105229
Lincoln Park,Chicago,IL,Cook,92,2.702188514,2.840909091,2.914377289,2.725856698,2.776315789,2.760888787
North Shore,Miami Beach,FL,Miami-Dade,93,2.395833333,2.376367845,2.444444444,2.387771084,2.474226804,2.558130979
Jamaica Estates,New York,NY,Queens,94,2.590909091,2.5,2.571428571,2.571061329,2.587797619,2.579883897
Riverside,Austin,TX,Travis,95,2.024097938,2.009090909,2.023195876,2.082010582,2.113466334,2.085
Five Points,Denver,CO,Denver,96,2.540394973,2.41020794,2.448421053,2.46422629,2.454379562,2.48724309
Foggy Bottom,Washington,DC,District of Columbia,97,3.536263736,3.560293388,3.590275574,3.596,3.368421053,3.578
Mid-Cambridge,Cambridge,MA,Middlesex,98,4.2,4.223529412,4.125,4.217027864,4.223529412,4.2
Downtown,Miami,FL,Miami-Dade,99,3.060220159,3.164556962,3.174603175,3.093812375,3.096906188,3.090116064
Dobson Ranch,Mesa,AZ,Maricopa,100,0.909090909,0.909090909,0.909090909,0.909090909,0.913604625,0.909090909
Deer Valley,Phoenix,AZ,Maricopa,8,827.5,832,844,797.5,815,879
Downtown,Houston,TX,Harris,102,2.528548124,2.557427259,2.557427259,2.526799387,2.527673756,2.484877985
Power Ranch,Gilbert,AZ,Maricopa,103,0.791622192,0.779752153,0.809085511,0.828384798,0.769392714,0.789370006
Brookside,Tulsa,OK,Tulsa,104,0.921658986,0.908997586,0.973304875,0.973304875,0.971679688,0.974387528
South Raleigh,Raleigh,NC,Wake,105,0.811760355,0.813609467,0.787065284,0.817722923,0.818452381,0.840340404
Near East,Dallas,TX,Dallas,106,2.399068323,2.611650485,2.655279503,2.626586248,2.905569007,2.843608172
First Hill,Seattle,WA,King,107,3.503952569,3.436781705,3.899101307,3.815789474,4.166666667,3.654020346
Pinnacle Peak,Scottsdale,AZ,Maricopa,108,1.368307243,1.41162573,1.637554585,1.475887991,1.488294314,1.44540129
SoHo,New York,NY,New York,109,7.211538462,6.286615593,6.0625,5.82010582,5.388940956,5.363961814
Old Town,Chicago,IL,Cook,110,2.903820817,3.03030303,2.916666667,2.903333333,2.95,3.050188206
Hunters Point,New York,NY,Queens,111,4.51301054,4.417457306,4.404296875,4.441904131,4.467676768,4.501521298
Aurora Highlands,Arlington,VA,Arlington,112,2.868421053,2.905172414,3.02577085,3.055019305,3.084942085,3.08886567
Downtown,Portland,OR,Multnomah,113,2.54293193,2.341637011,2.448356808,2.472593697,2.46929444,2.605633803
Shaw,Washington,DC,District of Columbia,114,4.356857674,4.408284024,4.47288953,4.007865169,4.275184275,4.337121212
The Waterfront,Jersey City,NJ,Hudson,115,3.81091548,3.824362606,3.758724376,3.806870938,3.755980861,3.883712453
The Loop,Chicago,IL,Cook,116,2.969348659,2.978927203,2.93135436,2.931194421,2.944937833,2.973760584
Murray Hill,New York,NY,New York,117,5.220883534,5.139325228,5.088195387,4.980059821,4.942965779,4.936628644
Washington Heights,New York,NY,New York,9,1695,1675,1700,1700,1700,1712.5
Oceanfront,Miami Beach,FL,Miami-Dade,119,2.878787879,2.98245614,3.026315789,3.026315789,3.026475086,3.181818182
East Cambridge,Cambridge,MA,Middlesex,120,4.690237142,4.552052565,4.605263158,4.654692374,4.563636364,4.87804878
North End,Boston,MA,Suffolk,121,3.786370903,3.794964029,3.880021602,4.03125,4,3.666666667
Downtown,New York,NY,Kings,122,5.059642147,4.957029096,5.049701789,4.869831547,5.054671968,4.941077376
Canton,Baltimore,MD,Baltimore City,123,1.699561404,1.714985994,1.75,1.75,1.759259259,1.786179922
Beacon Hill,Boston,MA,Suffolk,124,4.375,4.25,4.486135957,4.494897959,4.425287356,4.395604396
Cleveland Park,Washington,DC,District of Columbia,125,3.347140039,3.171717172,3.308333333,3.337053571,3.360465116,3.337053571
Charles Village,Baltimore,MD,Baltimore City,126,2.053678409,2.030237581,2.063106796,1.990302725,1.989010989,2.032967033
Belltown,Seattle,WA,King,127,3.46984127,3.554173301,3.372484689,3.318175333,3.409092103,3.277307963
Highland,Denver,CO,Denver,128,2.896226415,2.896226415,2.886805185,2.908798691,2.961693548,2.961693548
River North,Chicago,IL,Cook,129,3.45030426,3.406976744,3.376605493,3.390522876,3.316849817,3.457886677
Buckman,Portland,OR,Multnomah,130,2.907327586,2.739534884,2.667315797,2.694805195,2.701803051,2.853470437
Allandale,Austin,TX,Travis,131,1.605490809,1.651785714,1.648351648,1.624962578,1.624309392,1.646264767
Brentwood,Austin,TX,Travis,132,1.719348659,1.843817787,1.800271739,1.759810199,1.812977099,1.729454321
Van Nuys,Los Angeles,CA,Los Angeles,10,1495,1495,1495,1350,1470,1495
Downtown,Saint Paul,MN,Ramsey,134,2.242990654,2.166666667,2.260416667,2.260416667,2.307323232,2.263374486
Kenwood,Chicago,IL,Cook,135,2.441717791,2.441818182,2.68956044,2.683737275,2.683737275,2.59202454
North Buckhead,Atlanta,GA,Fulton,136,2.330632091,2.368167203,2.484602917,2.411458069,2.421451373,2.496470376
Corbett-Terwilliger-Lair Hill,Portland,OR,Multnomah,137,2.418181818,2.368270417,2.398843931,2.416233766,2.401315789,2.398843931
Dilworth,Charlotte,NC,Mecklenburg,138,2.275845707,2.156894087,2.101200686,2.092624357,2.417647059,2.220722314
South River City,Austin,TX,Travis,139,1.856846473,1.940369527,2.049180328,2.05674784,2.090925915,2.114480198
Old Town Triangle,Chicago,IL,Cook,140,3.037902324,2.995706947,2.930502137,3.13,3.205065194,3.182905983
Downtown West,Minneapolis,MN,Hennepin,141,2.478849408,2.360406091,2.409218276,2.450551374,2.600306506,2.73856352
Mount Vernon Square,Washington,DC,District of Columbia,142,3.609142485,3.581673307,3.56884058,3.56884058,3.607142857,3.607142857
Forest Hills,Washington,DC,District of Columbia,143,3.099112426,3.107028754,3.126827485,3.201000026,3.065307277,3.086549169
Historic Old Northeast,Saint Petersburg,FL,Pinellas,144,1.834862385,1.947606695,2.04633045,1.954177898,1.87609075,1.937742248
Goose Hollow,Portland,OR,Multnomah,145,2.198295455,2.264881805,2.277547137,2.259732218,2.3125,2.499759615
Downtown,Austin,TX,Travis,146,2.921904762,2.884615385,2.889917986,2.912044217,2.88925303,2.807443366
Mustang-Padre Island,Corpus Christi,TX,Nueces,147,1.414141414,1.286916673,1.294586578,1.335877863,1.44057623,1.407262472
Astoria,New York,NY,Queens,11,1900,1900,1950,1950,1950,1900
Hyde Park,Austin,TX,Travis,149,1.9625,2.046783626,2.070081528,2.1375,2.2375,2.199240428
West End,Boston,MA,Suffolk,150,4.039686654,4.039686654,3.874538745,4.313203533,3.815384615,4.166666667
North Capitol Hill,Denver,CO,Denver,151,2.631679847,2.649446321,2.62012012,2.59009009,2.497596154,2.58316795
Riverside,Baltimore,MD,Baltimore City,152,1.760615635,1.689025113,1.628820034,1.69973545,1.712962963,1.777777778
Patterson Park,Baltimore,MD,Baltimore City,153,1.272860025,1.28983308,1.261083861,1.266280753,1.218861834,1.257861635
West Loop Gate,Chicago,IL,Cook,154,2.878980892,2.88330564,2.856687898,2.845010616,2.815286624,2.831210191
East Hyde Park,Chicago,IL,Cook,155,2.412451362,2.335877863,2.334016393,2.397698867,2.438077634,2.369338016
North Mountain,Phoenix,AZ,Maricopa,12,700,712.5,743,752.5,729,782
North Loop,Austin,TX,Travis,157,1.786964112,1.779661017,1.852876106,1.750779596,1.715270913,1.771653543
Zilker,Austin,TX,Travis,158,2.233333333,2.155239048,2.149811006,2.233333333,2.188888889,2.162091503
Pelican Bay,Naples,FL,Collier,159,4.53336808,4.454926625,4.56482045,4.632010583,4.850746269,4.789272031
New Eastside,Chicago,IL,Cook,160,3.044609665,3.010638298,2.989247312,3.112262522,3.04930848,3.029799982
North University,Austin,TX,Travis,161,1.989079563,2.009744214,2.022222222,2.135316956,2.266782912,2.271428571
Downtown,Saint Petersburg,FL,Pinellas,162,2.137963923,2.338461538,2.288135593,2.115107914,2.192982456,2.139037433
Fulton River District,Chicago,IL,Cook,163,3.008944544,3.179396092,3.112416107,3.004472272,2.849715265,2.84863124
Uptown,Seattle,WA,King,164,3.655394619,3.25,3.322222222,3.195498414,3.329059829,3.291262136
Upper Fells Point,Baltimore,MD,Baltimore City,165,1.364945524,1.386558941,1.390552733,1.361386139,1.458333333,1.508757962
Hancock,Austin,TX,Travis,166,1.913985364,1.893939394,1.859110124,1.889294952,1.9375,1.886028209
Navy Yard,Washington,DC,District of Columbia,167,3.812292359,3.932346723,4.104562416,4.121779859,4.084283475,4.121779859
Park Shore,Naples,FL,Collier,168,4.513888889,4.515352197,4.508784319,4.508784319,4.478138485,4.513064133
Central Business District - Downtown,Kansas City,MO,Jackson,169,1.662049861,1.717305152,1.679357022,1.740673084,1.744186047,1.740673084
Turner Park,Tulsa,OK,Tulsa,170,0.802661897,0.782688766,0.827694549,0.809069962,0.790686702,0.779018397
Downtown,Baltimore,MD,Baltimore City,171,2.197802198,2.10359408,2.054794521,2.080368469,2.08510427,2.120640905
Washington Village,Baltimore,MD,Baltimore City,172,1.165254237,1.17260788,1.173074921,1.164596273,1.171010112,1.171010112
Moorings,Naples,FL,Collier,173,4.212091179,4.356060606,4.147448615,4.221430205,4.405286344,4.540295119
SBIC,Baltimore,MD,Baltimore City,174,1.640488656,1.679964539,1.616636798,1.616636798,1.599056604,1.649305556
Old Naples,Naples,FL,Collier,175,4.923412809,5.324009324,5.324009324,5.333333333,5.448139529,5.409319654
NoMa,Washington,DC,District of Columbia,176,3.438689117,3.341836735,3.295423608,3.300507237,3.331313131,3.533333333
Federal Hill,Baltimore,MD,Baltimore City,177,1.734219377,1.757322176,1.704545455,1.757322176,1.704545455,1.655982906
Inner Harbor,Baltimore,MD,Baltimore City,178,2.255590208,2.281072267,2.205517241,2.281879195,2.369116546,2.45398773
Far North,Dallas,TX,Dallas,13,944,950,964,963.5,976.5,979.5
South Lake Union,Seattle,WA,King,180,3.605019305,3.624047619,3.301603008,3.356481481,3.384619566,3.294542012
Hanover Place,Kansas City,MO,Jackson,181,1.645320197,1.658767773,1.727272727,1.618686869,1.598484848,1.722222222
Clearwater Beach Association,Clearwater,FL,Pinellas,182,2.222222222,2.262376238,2.370872142,2.370872142,2.450980392,2.484031228
Sand Key Civic Association,Clearwater,FL,Pinellas,183,2.190237797,2.272727273,2.259887006,2.272727273,2.272727273,2.262443439
Panther Creek,The Woodlands,TX,Montgomery,184,0.951017812,0.928875128,0.939250477,1.026152482,0.965872505,1.012837946
Jones Creek,Baton Rouge,LA,East Baton Rouge,184,0.957289653,0.952380952,0.940860215,0.88038618,0.866935484,0.972222222
Downtown,Indianapolis,IN,Marion,184,1.920391061,1.925751086,1.934161987,1.976744186,1.955307263,1.955307263
Spring Garden,Philadelphia,PA,Philadelphia,184,1.979472141,1.914893617,2.073739534,2.028218695,2.124824875,2.443396226
South Burbank,Baton Rouge,LA,East Baton Rouge,184,1.027639972,1.010317015,1,0.915154463,0.990196078,1.043115438
South Campus,Baton Rouge,LA,East Baton Rouge,184,0.984413454,0.967250704,0.969387755,0.987491771,1.113375796,1.070466261
Far Eastside,Indianapolis,IN,Marion,184,0.718293379,0.722998376,0.718085106,0.698130952,0.714789335,0.723713398
Rittenhouse,Philadelphia,PA,Philadelphia,184,3.041666667,2.9,2.977984177,2.998245614,3.09686219,3.125
Washington Square,Philadelphia,PA,Philadelphia,184,3.099295775,3.2,3.414285714,3.260869565,3.5,3.573275862
Cochran's Crossing,The Woodlands,TX,Montgomery,184,0.930692761,0.924075924,0.920413856,0.920413856,0.894351878,0.967751889
Grogan's Mill,The Woodlands,TX,Montgomery,184,1.019184652,1.052239717,1.071428571,1.098901099,1.093964335,1.073943662
Alden Bridge,The Woodlands,TX,Montgomery,184,0.945520036,0.92936803,0.92936803,0.934653339,0.943732165,0.938118812
Sterling Ridge,The Woodlands,TX,Montgomery,184,0.926185778,0.930004895,0.956388676,0.969241381,0.966429298,0.966429298
Hollywood,Los Angeles,CA,Los Angeles,14,1995,1995,2045.5,2115,2150,2102.5
Williamsburg,New York,NY,Kings,15,2795,2800,2700,2747.5,2750,2700
Bedford Stuyvesant,New York,NY,Kings,16,2000,2000,2095,2100,2100,2149.5
Camelback East,Phoenix,AZ,Maricopa,17,969.5,992,985,989,1005,1041
Alhambra,Phoenix,AZ,Maricopa,18,785,750,838,875,866,958
Flatbush,New York,NY,Kings,19,1699,1700,1699.5,1700,1699.5,1699
Crown Heights,New York,NY,Kings,20,1850,1850,1950,2000,1999,2000
Jamaica,New York,NY,Queens,21,1759,1750,1759,1750,1759,1750
Harlem,New York,NY,New York,22,1952.5,1950,1950,2000,2100,2000
Williamsbridge,New York,NY,Bronx,23,1425,1450,1475,1450,1415.5,1415.5
East Harlem,New York,NY,New York,24,2347.5,2352,2300,2295,2300,2354
Bushwick,New York,NY,Kings,25,2000,2000,2100,2100,2031,2200
North Scottsdale,Scottsdale,AZ,Maricopa,26,1207,1195,1219,1239,1194,1190
East Flatbush,New York,NY,Kings,27,1500,1575,1550,1550,1625,1612.5
Enterprise,Las Vegas,NV,Clark,28,1090,1100,1100,1110,1121,1110
Corona,New York,NY,Queens,29,1825,1795,1795,1745,1735,1750
Concourse,New York,NY,Bronx,30,1500,1500,1500,1497.5,1450,1425
South Side,Corpus Christi,TX,Nueces,31,899,890,890,899,899,907
North Hollywood,Los Angeles,CA,Los Angeles,32,1695,1897.5,1900,1800,1861.5,1898
Alief,Houston,TX,Harris,33,698,698,685,696.5,696.5,685
Borough Park,New York,NY,Kings,34,1525,1500,1500,1550,1572.5,1600
Elmhurst,New York,NY,Queens,35,1750,1750,1730,1753,1750,1697.5
Mid City,Los Angeles,CA,Los Angeles,36,1895,1895,1980,1900,2109,2200
Bensonhurst,New York,NY,Kings,37,1550,1550,1595,1590,1599,1599
Koreatown,Los Angeles,CA,Los Angeles,38,1700,1730,1725,1695,1775,1850
West San Jose,San Jose,CA,Santa Clara,39,2096,2195,2276,2265,2274,2227
Soundview,New York,NY,Bronx,40,1450,1450,1450,1550,1570,1525
Lower East Side,New York,NY,New York,41,2500,2500,2500,2595,2550,2595
Logan Square,Chicago,IL,Cook,42,1295,1295,1395,1400,1400,1395
South Scottsdale,Scottsdale,AZ,Maricopa,43,1318,1310,1300,1241,1250,1225
Canoga Park,Los Angeles,CA,Los Angeles,44,1475,1475,1475,1462.5,1437.5,1412.5
Flushing,New York,NY,Queens,45,1800,1850,1800,1800,1800,1800
Downtown,San Jose,CA,Santa Clara,46,2486,2488.5,2450,2556,2531,2677
Ahwatukee Foothills,Phoenix,AZ,Maricopa,47,924,966,973,960,994.5,980
North Valley,San Jose,CA,Santa Clara,48,2358,2375,2435,2459.5,2523,2490
Murray Hill,New York,NY,Queens,49,1750,1750,1750,1750,1700,1750
Sheepshead Bay,New York,NY,Kings,50,1665,1665,1670,1675,1675,1675
Willow Glen,San Jose,CA,Santa Clara,51,1950,2024.5,2094,2115,2125.5,2128
North Raleigh,Raleigh,NC,Wake,52,963,990,972.5,987.5,990,958
Gravesend,New York,NY,Kings,53,1625,1600,1600,1600,1600,1650
Sharpstown,Houston,TX,Harris,54,689,692,687,676,695,695
Northridge,Los Angeles,CA,Los Angeles,55,1658,1725,1695,1675,1655,1695
San Pedro,Los Angeles,CA,Los Angeles,56,1400,1495,1475,1500,1485,1450
Forest Hills,New York,NY,Queens,57,1825,1850,1850,1850,1850,1875
West Anaheim,Anaheim,CA,Orange,58,1470,1450,1485,1485,1475,1495
East Village,New York,NY,New York,59,2774,2800,2795,2800,2795,2795
Mira Mesa,San Diego,CA,San Diego,60,1650,1670.5,1705,1756,1852.5,1841
Blossom Valley,San Jose,CA,Santa Clara,61,2290.5,2271.5,2256,2221,2279,2299
West Rogers Park,Chicago,IL,Cook,62,995,995,1000,1050,1050,1050
Eldridge - West Oaks,Houston,TX,Harris,63,1052,1075.5,1087,1058,1025,1015
Ridgewood,New York,NY,Queens,64,1975,1950,1775,1790,1800,1825
South Dorchester,Boston,MA,Suffolk,65,1800,1700,1600,1795,1800,1800
Midtown,Memphis,TN,Shelby,66,650,695,775,820.5,750,750
Jackson Heights,New York,NY,Queens,67,1795,1800,1800,1795,1762,1764
Northwest Raleigh,Raleigh,NC,Wake,68,1003,1048,1047,1065.5,1053.5,1052
Kingwood,Houston,TX,Harris,69,1010,1015,1060,1082,1060,1041
Midwood,New York,NY,Kings,70,1649.5,1595,1649,1565,1550,1625
Clear Lake,Houston,TX,Harris,71,795,795,845,790,790,792
Park Slope,New York,NY,Kings,72,2450,2400,2434,2500,2500,2500
Mission,San Francisco,CA,San Francisco,1,3200,3250,3195,3403,3481,3350
Albany Park,Chicago,IL,Cook,74,1025,1060,1075,1075,1062.5,1100
Westwood,Los Angeles,CA,Los Angeles,75,2800,3013.5,2947.5,3002,3002,2995
Central Colorado Springs,Colorado Springs,CO,El Paso,76,895,895,950,950,950,900
Gramercy,New York,NY,New York,77,3295,3314,3314,3314,3350,3348.5
Richmond Hill,New York,NY,Queens,78,1600,1525,1600,1575,1500,1574.5
Bay Ridge,New York,NY,Kings,79,1650,1650,1650,1650,1650,1700
Rogers Park,Chicago,IL,Cook,80,995,995,1005,1015,1000,1000
South Austin,Chicago,IL,Cook,81,725,800,800,789.5,800,855
Tremont,New York,NY,Bronx,82,1450,1450,1450,1450,1400,1425
The Heights,Jersey City,NJ,Hudson,83,1725,1625,1600,1860,1892.5,1842.5
Kensington,New York,NY,Kings,84,1775,1970,1892,1800,1775,1800
Bath Beach,New York,NY,Kings,85,1600,1599.5,1600,1550,1550,1550
Little Havana,Miami,FL,Miami-Dade,86,1250,1457.5,1450,1350,1299,1300
Northeast Raleigh,Raleigh,NC,Wake,87,858,847,857,882,995,960
Centennial Hills,Las Vegas,NV,Clark,88,935,900,961,961,973,976
Roxbury,Boston,MA,Suffolk,89,1675,1695,1750,1950,1750,1750
Flagami,Miami,FL,Miami-Dade,90,1300,1250,1200,1200,1250,1250
Central City,Phoenix,AZ,Maricopa,91,1105,1087,1082,1107.5,1138,1209
Northwest,Chula Vista,CA,San Diego,92,1395,1435,1450,1395,1395,1395
University Heights,New York,NY,Bronx,93,1450,1450,1450,1450,1450,1437.5
Bayside,New York,NY,Queens,94,1700,1700,1700,1700,1775,1715
Bedford Park,New York,NY,Bronx,95,1500,1500,1500,1500,1450,1495
Gresham,Chicago,IL,Cook,96,725,700,737.5,725,750,700
Downtown,Memphis,TN,Shelby,97,1019,1050,1050,1050,1040,1055
Maspeth,New York,NY,Queens,98,1575,1600,1600,1600,1600,1650
Hamilton Heights,New York,NY,New York,99,1750,1862.5,1850,1850,1900,1895
Santa Teresa,San Jose,CA,Santa Clara,100,2440,2442.5,2435,2434,2480,2560
Woodlake - Briarmeadow,Houston,TX,Harris,101,1078.5,1164.5,1134,1083,1080,1100
University City,San Diego,CA,San Diego,102,1908,1974,1940,1955.5,2007.5,2060
Chelsea,New York,NY,New York,103,3850,3837,3882.5,3835,3795,3795
Lake View,Chicago,IL,Cook,104,1350,1395,1395,1415,1425,1415
Woodside,New York,NY,Queens,105,1660,1660,1750,1775,1762.5,1750
Woodland Hills,Los Angeles,CA,Los Angeles,106,1944,1965,1959,2085,2085,2078
Greenville,Jersey City,NJ,Hudson,107,1250,1250,1250,1250,1250,1250
Oak Lawn,Dallas,TX,Dallas,108,1465,1520,1490,1473,1485,1475
Highland Park,Los Angeles,CA,Los Angeles,109,1695,1695,1600,1545,1600,1695
Greater Uptown,Houston,TX,Harris,110,1452,1500,1480,1475,1443,1491
Palms,Los Angeles,CA,Los Angeles,111,2095,2087.5,2095,2100,2126,2195
Fordham,New York,NY,Bronx,112,1450,1500,1495,1450,1500,1512
Mid City West,Los Angeles,CA,Los Angeles,113,2406,2554,2643,2744.5,2836.5,2783
Encino,Los Angeles,CA,Los Angeles,114,1625,1600,1595,1650,1650,1697.5
Valencia,Santa Clarita,CA,Los Angeles,115,1770,1847,1898,1905,1922.5,1917.5
Sunnyside,New York,NY,Queens,116,1872.5,1875,1810,1825,1850,1800
Memorial,Houston,TX,Harris,117,1274.5,1359,1400,1430,1360,1340
Greenwich Village,New York,NY,New York,118,3300,3450,3450,3400,3395,3399.5
Alameda - West Flagler,Miami,FL,Miami-Dade,119,1500,1500,1500,1500,1500,1500
Carmel Valley,San Diego,CA,San Diego,120,2213.5,2185,2250,2545,2550,2465
Rego Park,New York,NY,Queens,121,1797.5,1800,1845,1844,1800,1927.5
Morningside Heights,New York,NY,New York,122,2895,2850,2995,2799.5,2775,2800
Kew Gardens Hills,New York,NY,Queens,123,1725,1750,1750,1750,1750,1800
East Boston,Boston,MA,Suffolk,124,1700,1700,1900,1967,1900,1860
Bay Area,Corpus Christi,TX,Nueces,125,1014,1049,1079,1059,1089,1064
Coral Way,Miami,FL,Miami-Dade,126,1700,1775,1750,1795,1800,1800
Mid Wilshire,Los Angeles,CA,Los Angeles,127,2231,2195,2075,1980,2112.5,2100
Morris Heights,New York,NY,Bronx,128,1595,1500.5,1499,1572.5,1500,1500
Briarforest Area,Houston,TX,Harris,129,939,997,917.5,902.5,949,929
Parkchester,New York,NY,Bronx,130,1400,1400,1425,1400,1400,1400
Desert View,Phoenix,AZ,Maricopa,131,1214,1179.5,1183,1231,1267,1249
Mar Vista,Los Angeles,CA,Los Angeles,132,1950,1900,1900,1995,1995,2099
South Shore,Chicago,IL,Cook,133,760,765,765,775,800,800
Jamaica Plain,Boston,MA,Suffolk,134,2100,2000,2000,2100,2000,1950
Woodhaven,New York,NY,Queens,135,1650,1650,1650,1650,1600,1650
Inwood,New York,NY,New York,136,1500,1600,1575,1650,1654.5,1650
Norwood,New York,NY,Bronx,137,1482.5,1500,1462.5,1400,1450,1450
North,Arlington,TX,Tarrant,138,856,865,875,880,868,882.5
Brighton,Boston,MA,Suffolk,139,1750,1775,1795,1850,1875,1895
Dyker Heights,New York,NY,Kings,140,1525,1500,1500,1575,1587,1600
Morris Park,New York,NY,Bronx,141,1575,1500,1550,1600,1600,1512.5
North Park,San Diego,CA,San Diego,142,1495,1495,1495,1500,1500,1500
North Dallas,Dallas,TX,Dallas,143,1415,1385,1371,1371,1344,1355
Silver Lake,Los Angeles,CA,Los Angeles,144,2300,2250,2250,2222.5,2097.5,1950
Humboldt Park,Chicago,IL,Cook,145,1095,1250,1275,1350,1350,1125
Lake View East,Chicago,IL,Cook,146,1405,1417,1421,1440,1450,1445
Throggs Neck,New York,NY,Bronx,147,1500,1500,1500,1500,1500,1500
North Center,Chicago,IL,Cook,148,1212.5,1250,1350,1350,1345,1325
South Loop,Chicago,IL,Cook,149,2048.5,2017,2018.5,2037.5,2044,2045
South Boston,Boston,MA,Suffolk,150,2913.5,2825,2650,2675,2700,2706
Westchester,Los Angeles,CA,Los Angeles,151,2200,2190,2398,2494,2551,2513
Studio City,Los Angeles,CA,Los Angeles,152,1895,1914,1895,1935,1995,1995
Addicks Park Ten,Houston,TX,Harris,153,1150,1127,1167,1112,1123,1126
Del Rey,Los Angeles,CA,Los Angeles,154,2667,2547,2808.5,2856.5,2697,2613.5
Fort Greene,New York,NY,Kings,155,2847,2795,3054.5,3104.5,3022.5,3059
Columbia Heights,Washington,DC,District of Columbia,156,2002.5,2090,2100,2184.5,2144,2200
Mount Lebanon,Pittsburgh,PA,Allegheny,157,830,862.5,850,850,799.5,835
Greenwood,New York,NY,Kings,158,1975,1900,1975,1975,2125,2249
Venice,Los Angeles,CA,Los Angeles,159,2825,2779,2735,2687,2649,2723
Greenpoint,New York,NY,Kings,160,2300,2295,2300,2300,2300,2366.5
Kingsbridge,New York,NY,Bronx,161,1472.5,1500,1480,1500,1500,1495
Sawtelle,Los Angeles,CA,Los Angeles,162,2095,2100,2195,2245,2195,2095
West Raleigh,Raleigh,NC,Wake,163,1017,967,968,968.5,966,965
Makiki-Lower Punchbowl-Tantalus,Honolulu,HI,Honolulu,164,1400,1400,1375,1400,1400,1425
Glendale,New York,NY,Queens,165,1650,1612.5,1600,1650,1650,1625
Prospect Lefferts Gardens,New York,NY,Kings,166,1925,1925,1837.5,1850,1950,1950
Downtown,Los Angeles,CA,Los Angeles,167,2560,2504,2500,2522.5,2499,2765
Brentwood,Los Angeles,CA,Los Angeles,168,2445,2397,2300,2295,2395,2295
Capitol Hill,Seattle,WA,King,169,1895,1895,1919.5,1990,2035,2035
M Streets,Dallas,TX,Dallas,170,1368,1413.5,1429,1421.5,1419,1465
Hollywood Hills,Los Angeles,CA,Los Angeles,171,2037.5,1995,1995,1975,2130,2200
Homecrest,New York,NY,Kings,172,1649,1650,1600,1620,1600,1695
Spring Branch West,Houston,TX,Harris,173,1222.5,1300,1266.5,1255,1252.5,1232.5
West Roxbury,Boston,MA,Suffolk,174,2070,2070,2025,2240,2215,2110
Fort Hamilton,New York,NY,Kings,175,1650,1625,1637,1650,1650,1650
Valley Glen,Los Angeles,CA,Los Angeles,176,1585,1545,1495,1497.5,1550,1545
South End,Boston,MA,Suffolk,177,2800,2931,2932,2830,2800,2700
Downtown,Jersey City,NJ,Hudson,178,2542,2583,2575,2541.5,2534,2561.5
Neartown - Montrose,Houston,TX,Harris,179,1315,1295,1510,1520,1510,1579
Alexandria West,Alexandria,VA,Alexandria City,180,1462,1493.5,1511,1450,1539,1538
Capitol Hill,Washington,DC,District of Columbia,181,2199,2150,2150,2009,2000,2000
Financial District,New York,NY,New York,182,3527.5,3570,3540,3575,3584,3680
Briarwood,New York,NY,Queens,183,1685,1699,1700,1700,1700,1700
La Jolla,San Diego,CA,San Diego,184,1945,1942.5,1937.5,2065,2050,2167.5
Brighton Beach,New York,NY,Kings,185,1850,1850,1850,1850,1885,1895
Auburndale,New York,NY,Queens,186,1600,1600,1600,1600,1600,1575
Flatiron District,New York,NY,New York,187,3975,3950,4000,4005,4133,4188
North Dorchester,Boston,MA,Suffolk,188,2450,2308.5,2266,2370,2400,2427.5
Pacific Beach,San Diego,CA,San Diego,189,1695,1680,1675,1695,1695,1750
North Austin,Austin,TX,Travis,190,765,799,762.5,745,785,821
Journal Square,Jersey City,NJ,Hudson,191,1700,1700,1650,1675.5,1700,1650
Los Feliz,Los Angeles,CA,Los Angeles,192,2095,2150,2095,2045,2072.5,1995
Westchase,Houston,TX,Harris,193,850,999,1019,969,964,979
Ravenswood,Chicago,IL,Cook,194,1275,1275,1290,1295,1295,1295
McCully-Moiliili,Honolulu,HI,Honolulu,195,1300,1300,1300,1300,1337.5,1300
Washington Avenue Coalition - Memorial Park,Houston,TX,Harris,196,1465,1468,1491,1503,1510,1489
Landmark-Van Dom,Alexandria,VA,Alexandria City,197,1482.5,1490,1543.5,1540,1542.5,1552.5
Pelham Bay,New York,NY,Bronx,198,1500,1550,1500,1500,1500,1450
West End,Tacoma,WA,Pierce,199,1124.5,1190,1124.5,1169.5,1210.5,1199
West Town,Chicago,IL,Cook,200,1995,1872.5,1795,1750,1550,1472
University District,Seattle,WA,King,201,1581,1495,1481,1457.5,1570,1487
Allston,Boston,MA,Suffolk,202,1800,1800,1850,1800,1805,1800
Clinton Hill,New York,NY,Kings,203,2406,2475,2500,2502.5,2550,2500
Valley Village,Los Angeles,CA,Los Angeles,204,1750,1700,1750,1750,1695,1750
Flamingo Lummus,Miami Beach,FL,Miami-Dade,205,1700,1700,1700,1700,1700,1700
Serra Mesa,San Diego,CA,San Diego,206,1943,1939,1995,2060,2060,2155
Fenway,Boston,MA,Suffolk,207,2300,2350,2375,2350,2323,2350
South,Pasadena,CA,Los Angeles,208,2180,2185,2110,2164.5,2169,2190
West Village,New York,NY,New York,209,3500,3501.5,3575,3550,3595,3500
Kew Gardens,New York,NY,Queens,210,1650,1700,1750,1718,1725,1750
Brickell,Miami,FL,Miami-Dade,211,2100,2150,2150,2150,2200,2200
West Park,Irvine,CA,Orange,212,1962.5,1935,1905,1945,1985,1975
Potomac West,Alexandria,VA,Alexandria City,213,1484,1468,1489,1509,1596,1630
Brooklyn Heights,New York,NY,New York,214,2962.5,3000,2900,2900,2979,2998.5
Waikiki,Honolulu,HI,Honolulu,215,2000,1950,1900,1945,2000,2000
Back Bay,Boston,MA,Suffolk,216,2597.5,2550,2575,2600,2650,2600
East Central,Salt Lake City,UT,Salt Lake,217,895,912.5,900,925,900,900
Near North,Chicago,IL,Cook,218,1965,1988,2199,2265,2210,2250
Braeswood Place,Houston,TX,Harris,219,1250,1250,1259,1264,1268,1295
Five Oaks - Triple Creek,Beaverton,OR,Washington,220,1155,1300,1200,1375,1385,1425
Uptown,Chicago,IL,Cook,221,1200,1225,1249,1280,1268.5,1280
Sutton Place,New York,NY,New York,221,3300,3300,3300,3350,3297.5,3285
Greenway - Upper Kirby Area,Houston,TX,Harris,223,1494,1436,1467,1457,1398,1391.5
Lower Peters Canyon,Irvine,CA,Orange,224,1907.5,1930,1960,1997.5,1965,1942.5
West Central,Pasadena,CA,Los Angeles,225,2050,2402,2811,2865,2830,2785
North San Jose,San Jose,CA,Santa Clara,226,2610,2622,2670,2707.5,2755,2805.5
Unionport,New York,NY,Bronx,227,1375,1400,1425,1412.5,1450,1450
Hampden,Denver,CO,Denver,228,1350,1410,1325,1365,1410,1400
Central City East,Los Angeles,CA,Los Angeles,229,2231,2300,2361.5,2321,2158.5,2283
Downtown,San Francisco,CA,San Francisco,2,2855,2950,3090,3030,3095,3095
Hyde Park,Chicago,IL,Cook,231,1235,1225,1225,1225,1260,1259
Bucktown,Chicago,IL,Cook,232,1575,1600,1595,1595,1600,1695
Gowanus,New York,NY,Kings,233,2676.5,2600,2450,2550,2768,2800
Pacific Heights,San Francisco,CA,San Francisco,3,3500,3497.5,3595,3695,3719.5,3749
Nob Hill,San Francisco,CA,San Francisco,4,2862.5,2800,2795,2795,2795,2700
Streeterville,Chicago,IL,Cook,236,2120,2119,2130,2258,2377.5,2375.5
Prospect Heights,New York,NY,Kings,237,2587,2547.5,2475,2450,2637.5,2680
McGinley Square,Jersey City,NJ,Hudson,238,1295,1395,1395,1300,1350,1395
South of Market,San Francisco,CA,San Francisco,5,3550,3709,3729,3665,3667.5,3650
Turtle Bay,New York,NY,New York,240,3000,3070,3000,3000,3147.5,3100
Midtown,New York,NY,New York,241,3447.5,3495,3495,3458,3495,3541
Astrodome Area,Houston,TX,Harris,242,1137.5,1155,1178.5,1175,1233,1250
Hauppauge,Islip,NY,Suffolk,243,1897.5,1860,1868.5,1917.5,1972,2007
Vance Jackson,San Antonio,TX,Bexar,244,745,742.5,749,749,764,752.5
McEwen,Franklin,TN,Williamson,245,1362.5,1360,1355,1360,1350,1325
Charlestown,Boston,MA,Suffolk,246,2530,2600,2600,2500,2550,2600
Metro West,Orlando,FL,Orange,247,1150,1152.5,1179,1100,1099.5,1154
Bluffview,Dallas,TX,Dallas,248,1334,1351,1253.5,1270,1275,1346
Adams Morgan,Washington,DC,District of Columbia,249,2200,2200,2028.5,2190,2180,2150
O'Hare,Chicago,IL,Cook,250,1253.5,1234,1181.5,1297,1176,1185
Midtown,Atlanta,GA,Fulton,251,1850,1982.5,1965,2024,1967,1875
Windsor Park,Austin,TX,Travis,252,824,850,850,837.5,850,850
Seatack,Virginia Beach,VA,Virginia Beach City,253,1285,1301,1300,1328,1219.5,1306
Tribeca,New York,NY,New York,254,4295,4272.5,4295,4395,4450,4450
Logan Circle,Washington,DC,District of Columbia,255,2527,2506,2500,2535,2502,2500
CUF,Cincinnati,OH,Hamilton,256,675,695,695,675,695,675
Dutchtown,Saint Louis,MO,Saint Louis City,257,500,500,500,515,510,515
Kenmore,Boston,MA,Suffolk,258,2300,2250,2275,2300,2300,2250
Macgregor,Houston,TX,Harris,259,1518,1408,1395,1419.5,1435,1392
Wallingford,Seattle,WA,King,260,1950,1892,1875,1825,1950,1980
Spuyten Duyvil,New York,NY,Bronx,261,1900,1837.5,1881.5,1950,1962.5,1962.5
Wynwood - Edgewater,Miami,FL,Miami-Dade,262,1950,2050,2105,2105,2151,2185
University Village - Little Italy,Chicago,IL,Cook,263,1677,1900,1774,1816,1985,2050
Gold Coast,Chicago,IL,Cook,264,1649,1649,1650,1678,1674,1676.5
Carnegie Hill,New York,NY,New York,265,2617.5,2750,2692.5,2685,2600,2750
Central West End,Saint Louis,MO,Saint Louis City,266,1240,1256,1282,1175,1167.5,1200.5
Fishtown,Philadelphia,PA,Philadelphia,267,1425,1450,1500,1542.5,1530,1525
Squirrel Hill South,Pittsburgh,PA,Allegheny,268,957.5,960,960,950,950,950
Villages of Palm Beach Lakes,West Palm Beach,FL,Palm Beach,269,1150,1225,1250,1150,1265,1270
Tudor City,New York,NY,New York,270,2974,3050,3050,3100,3440,3453.5
Capitol Hill,Denver,CO,Denver,271,1205,1200,1225,1245,1225,1250
Battery Park,New York,NY,New York,272,3665,3762.5,3825,3870,3760.5,3850
West University,Austin,TX,Travis,273,1020,1047.5,1064,1079.5,1064,1064
Russian Hill,San Francisco,CA,San Francisco,6,3495,3447.5,3345,3474,3395,3350
Playa Del Rey,Los Angeles,CA,Los Angeles,275,2395,2392.5,2357.5,2395,2335,2295
Centerville,Fremont,CA,Alameda,276,2223,2300,2364,2377,2386,2390
Dupont Circle,Washington,DC,District of Columbia,277,2400,2545,2500,2456,2450,2500
Afton Oaks - River Oaks Area,Houston,TX,Harris,278,1829.5,1764.5,1870,1827,1700.5,1602.5
Gandy-Sun Bay South,Tampa,FL,Hillsborough,279,1186,1216,1240.5,1276,1277,1322.5
Pleasant Valley,Austin,TX,Travis,280,887.5,860,869.5,882.5,897.5,920
Northwest,Portland,OR,Multnomah,281,1583,1602,1625,1636,1639,1595
Downtown,Fremont,CA,Alameda,282,2320,2324,2347,2380,2369.5,2383
Near West Side,Chicago,IL,Cook,283,2213,2205,2200,2204,2290,2240
Mission Hill,Boston,MA,Suffolk,284,1955,1950,1900,1950,1976,1975
Alamitos Beach,Long Beach,CA,Los Angeles,285,1520,1497.5,1500,1625,1595,1650
Hillcrest,San Diego,CA,San Diego,286,1750,1795,1695,1695,1695,1675
Hampden South,Denver,CO,Denver,287,1455,1447,1417,1409,1402,1425
Downtown,Bellevue,WA,King,288,2065,2100,2134.5,2210,2210,2278.5
Greater Pinellas Point,Saint Petersburg,FL,Pinellas,289,850,830,845,842,850,825
Shadyside,Pittsburgh,PA,Allegheny,290,1290,1240,1212.5,1220,1195,1150
West Oak Hill,Austin,TX,Travis,291,1178,1192.5,1206.5,1230,1220,1285
Lincoln Park,Chicago,IL,Cook,292,1550,1595,1615,1630,1625,1600
North Shore,Miami Beach,FL,Miami-Dade,293,1650,1600,1700,1700,1650,1600
Hyde Park,Cincinnati,OH,Hamilton,294,895,897.5,875,875,887.5,895
Bull Run,Manassas,VA,Prince William,295,1324.5,1375.5,1355,1383,1396,1386
City Center,Glendale,CA,Los Angeles,296,2313,2306,2329,2365,2374,2110
Hillsborough,Raleigh,NC,Wake,297,1320,1331,1332,1377.5,1410,1451
Riverside,Austin,TX,Travis,298,1199,1117.5,1199,1176,1108,1160
Windsor,Denver,CO,Denver,299,1285,1330,1325,1336,1372,1382
Georgetown,Washington,DC,District of Columbia,300,2375,2375,2400,2300,2500,2500
Five Points,Denver,CO,Denver,301,1622.5,1670,1660,1660,1640,1660
Tower Grove South,Saint Louis,MO,Saint Louis City,302,612.5,650,695,650,695,682.5
Hayes Valley,San Francisco,CA,San Francisco,7,3965,4205,3985,4050,4175,4130
Washington Virginia Vale,Denver,CO,Denver,304,1064,1026,1071.5,1081,1117.5,1126.5
East Oak Hill,Austin,TX,Travis,305,1193.5,1265,1289,1268.5,1344,1373
Fremont,Seattle,WA,King,306,1795,1860.5,1853,1847,1725,1958
Downtown,Atlanta,GA,Fulton,307,1495,1460,1442,1615,1599,1637
Marina,San Francisco,CA,San Francisco,8,3300,3286.5,3274,3300,3400,3400
Foggy Bottom,Washington,DC,District of Columbia,309,2000,2020,2015,2095,2110,2150
Gibson Springs,Henderson,NV,Clark,310,1140,1199,1199,1199,1264,1261
North Cambridge,Cambridge,MA,Middlesex,311,2500,2400,2460,2562,2567,2594
Carroll Gardens,New York,NY,Kings,312,2600,2597.5,2500,2500,2500,2600
Chevy Chase,Washington,DC,District of Columbia,313,1745,1755,1795,1795,1757,1800
Riverside,Cambridge,MA,Middlesex,314,2200,2150,2300,2300,2300,2300
Downtown,Honolulu,HI,Honolulu,315,1775,1885,1800,1875,1800,1750
Mid-Cambridge,Cambridge,MA,Middlesex,316,2300,2300,2300,2350,2300,2300
Downtown,Miami,FL,Miami-Dade,317,1950,1975,1950,2100,2100,2295
Old Irving Park,Chicago,IL,Cook,318,1085,1207.5,1200,1150,1207.5,1080
Admiral,Seattle,WA,King,319,1495,1597.5,1545,1565,1625,1565
Belmont Heights,Long Beach,CA,Los Angeles,320,1595,1562.5,1595,1575,1550,1570
University Heights,San Diego,CA,San Diego,321,1495,1495,1450,1595,1595,1595
Boerum Hill,New York,NY,Kings,322,2425,2427.5,2450,2600,2800,2700
Windy Hill,Jacksonville,FL,Duval,323,1114.5,1200,1175,1172.5,1380,1380
Lower Pacific Heights,San Francisco,CA,San Francisco,9,3200,3225,3307,3358,3296,3275
Ballston-Virginia Square,Arlington,VA,Arlington,325,1945,1950,1950,1996,2086.5,2075
Cambridgeport,Cambridge,MA,Middlesex,326,2706.5,2625,2558,2500,2500,2600
Downtown,Long Beach,CA,Los Angeles,327,1897.5,2039,2049,2025.5,1995,2140
South Beach,San Francisco,CA,San Francisco,10,3800,3900,3897.5,3900,3950,3925
Park West,Chicago,IL,Cook,329,1575,1650,1595,1625,1650,1600
Central Weymouth,Weymouth,MA,Norfolk,330,1607.5,1604.5,1601.5,1689,1763,1713
Manayunk,Philadelphia,PA,Philadelphia,331,1417.5,1425,1400,1300,1372.5,1400
Thalia,Virginia Beach,VA,Virginia Beach City,332,1042,994,1101,1147,1145.5,1210
North Central,Hollywood,FL,Broward,333,975,975,975,1000,987.5,995
Edgewater,Chicago,IL,Cook,334,1110,1100,1195,1200,1200,1200
First Hill,Seattle,WA,King,335,1795,1835,1877.5,1840,2090,2214.5
Buena Park,Chicago,IL,Cook,336,1267.5,1295,1314.5,1328,1365,1375
East Village,Long Beach,CA,Los Angeles,337,1600,1600,1625,1695,1697.5,1712.5
Van Ness - Civic Center,San Francisco,CA,San Francisco,11,3259,3253.5,3500,3563,3500,3500
SoHo,New York,NY,New York,339,2972.5,3000,3000,3200,3000,3000
Old Town,Chicago,IL,Cook,340,2320,2315,2265,2320,2271,2095
Stone Oak,San Antonio,TX,Bexar,341,1035,980,980,980,1003.5,980
North Queen Anne,Seattle,WA,King,342,1595,1675,1697.5,1595,1613.5,1703
Hunters Point,New York,NY,Queens,343,2838,2875,2897,2896.5,2950,2995
Peabody,Cambridge,MA,Middlesex,344,2175,2197.5,2295,2350,2340,2340
North-East Coconut Grove,Miami,FL,Miami-Dade,345,1650,1700,1850,1825,1830,1750
Mercury Central,Hampton,VA,Hampton City,346,947,960,994,931.5,884.5,938
Sheffield Neighbors,Chicago,IL,Cook,347,1475,1475,1607.5,1625,1595,1585
Kings Point,Delray Beach,FL,Palm Beach,348,985,992.5,950,950,950,1000
Aurora Highlands,Arlington,VA,Arlington,349,2007,2045.5,2069,2064,2094,2132
Downtown,Portland,OR,Multnomah,350,1839,1530,1749.5,1737,1728,1755.5
Congress Park,Denver,CO,Denver,351,1200,1160,1200,1170,1200,1215
Shaw,Washington,DC,District of Columbia,352,2794.5,2825,2700,2700,2657,2661
The Waterfront,Jersey City,NJ,Hudson,353,2847.5,2950,2892,2890,2887,2940
Old Fourth Ward,Atlanta,GA,Fulton,354,1577,1425,1484,1435,1415,1484.5
Palm Aire,Pompano Beach,FL,Broward,355,1150,1150,1150,1190,1200,1180
West 7th,Saint Paul,MN,Ramsey,356,1566,1590,1538,1510,1520,1510
Fairlington-Shirlington,Arlington,VA,Arlington,357,1884,1817.5,1966,1975,1950,1890
Marston,Denver,CO,Denver,358,1324.5,1329,1372,1359,1369,1369
Parker Lane,Austin,TX,Travis,359,1002.5,1030,975,990,1075,1105
Six Forks,Raleigh,NC,Wake,360,1095,1092.5,1102.5,1157.5,1160,1165
Wrightwood Neighbors,Chicago,IL,Cook,361,1625,1630,1580,1517.5,1495,1510
The Loop,Chicago,IL,Cook,362,2069,2021,1978,2162,2200,2250
Murray Hill,New York,NY,New York,363,3350,3325,3400,3400,3400,3397.5
Vineyard,Glendale,CA,Los Angeles,364,2452.5,2472.5,2470,2475,2495,2510
Oceanfront,Miami Beach,FL,Miami-Dade,365,2300,2300,2500,2495,2450,2400
Mission Valley East,San Diego,CA,San Diego,366,1930,1995,2020,1990,2045,2042.5
Sunset Hills,Reston,VA,Fairfax,367,2087.5,2080,2090,2090,2090,2201
Ocean Beach,San Diego,CA,San Diego,368,1622.5,1695,1775,1745,1750,1650
East Cambridge,Cambridge,MA,Middlesex,369,2880,2865,2896,2918.5,2918.5,2850
North End,Boston,MA,Suffolk,370,2125,2112.5,2200,2200,2200,2200
Radnor-Ft Myer Heights,Arlington,VA,Arlington,371,2080,2109,2032.5,2126.5,2131,2165
Oak Creek,Irvine,CA,Orange,372,1950,1950,1965,1945,1975,1995
Downtown,New York,NY,Kings,373,3132.5,3095,3146,3239,3330,3374
Canton,Baltimore,MD,Baltimore City,374,1823,1888.5,1840.5,1818,1846,1862.5
Douglas Park,Arlington,VA,Arlington,375,1910,1902.5,1922.5,1865,1910,1887.5
Pine Hills,Atlanta,GA,Fulton,376,1250.5,1305,1285,1317.5,1281,1272
Upper Eastside,Miami,FL,Miami-Dade,377,1680,1675,1650,1650,1600,1650
East Rock,New Haven,CT,New Haven,378,1550,1537.5,1375,1375,1375,1380
Beacon Hill,Boston,MA,Suffolk,379,2300,2300,2350,2395,2400,2400
Cleveland Park,Washington,DC,District of Columbia,380,1906.5,2000,1995,2074,2100,2067.5
West Cambridge,Cambridge,MA,Middlesex,381,2200,2200,2350,2300,2500,2450
Baymeadows,Jacksonville,FL,Duval,382,950,959.5,985.5,1015,1015,1022.5
Ballantyne West,Charlotte,NC,Mecklenburg,383,1125,1125,1239,1232,1232,1232
Chinatown,Boston,MA,Suffolk,384,3026,2962.5,2881,2927.5,3000,3000
Golden Hill,San Diego,CA,San Diego,385,1495,1500,1495,1450,1472.5,1495
Woodbury,Irvine,CA,Orange,386,2040,2000,1950,1990,1975,1967.5
Little Italy,New York,NY,New York,387,3174.5,3125,3199,3174.5,3199,3200
Near Northeast,Washington,DC,District of Columbia,388,2378,2383,2419.5,2412,2348,2355
Charles Village,Baltimore,MD,Baltimore City,389,1100,1090,995,995,1050,1065
Belltown,Seattle,WA,King,390,1975,2000,2085,2233,2229,2255
Highland,Denver,CO,Denver,391,1819,1900,1905,1850,1787,1787.5
Cheesman Park,Denver,CO,Denver,392,1250,1265,1295,1300,1300,1300
River North,Chicago,IL,Cook,393,2387,2303.5,2378,2401,2364,2387.5
Barton Hills,Austin,TX,Travis,394,1321,1286.5,1365,1363,1388.5,1390.5
Green Lake,Seattle,WA,King,395,1700,1765,1755,1793,1923,1828.5
Midtown,Houston,TX,Harris,396,1392.5,1372.5,1452.5,1427,1435,1469
Buckman,Portland,OR,Multnomah,397,1577.5,1630,1560,1609,1584.5,1570
Brentwood,Austin,TX,Travis,398,1235,1245,1315,1316,1351,1382
West Sugar Creek-W T Harris Bl,Charlotte,NC,Mecklenburg,399,968.5,956,954,964.5,989,977
Falls of Neuse,Raleigh,NC,Wake,400,1272.5,1307,1285.5,1198,1275,1257
Clarendon-Courthouse,Arlington,VA,Arlington,401,2181,2172,2210,2200,2194,2194.5
North Hampton,Saint Louis,MO,Saint Louis City,402,637.5,610,650,675,675,675
Loring Park,Minneapolis,MN,Hennepin,403,1697.5,1725,1717.5,1660,1611,1572.5
Downtown,Saint Paul,MN,Ramsey,404,1360,1365,1365,1357.5,1370,1365
Ballard,Seattle,WA,King,405,1785,1780,1775,1813.5,1914.5,1995
Old City,Philadelphia,PA,Philadelphia,406,1710,1732,1675,1695,1695,1710
Kenwood,Chicago,IL,Cook,407,1439,1458.5,1442,1446,1422,1422
Park West,San Diego,CA,San Diego,408,1595,1595,1595,1660,1700,1722.5
Downtown,Cleveland,OH,Cuyahoga,409,1342,1274,1379,1601,1543,1518
Noble Square,Chicago,IL,Cook,410,1600,1600,1600,1550,1500,1450
Airport North,Orlando,FL,Orange,411,1229,1268,1226,1267,1279,1299
Mineral Springs-Rumble Road,Charlotte,NC,Mecklenburg,412,1071,1042.5,1027.5,1040,1073,1024
Glover Park,Washington,DC,District of Columbia,413,1688,1650,1653,1673,1700,1685
Grantville,San Diego,CA,San Diego,414,1875,1920,1966.5,1980,1815,1850
Otay Ranch Village 1,Chula Vista,CA,San Diego,415,1707,1767,1854,1897,1904,1939
Corbett-Terwilliger-Lair Hill,Portland,OR,Multnomah,416,1639.5,1703,1693,1692.5,1705,1670
Cobble Hill,New York,NY,Kings,417,2600,2600,2700,2750,2800,2775
East Ukrainian Village,Chicago,IL,Cook,418,1750,1750,1750,1615,1850,1850
Virginia Highland,Atlanta,GA,Fulton,419,1297.5,1245,1235,1217.5,1250,1275
Home Park,Atlanta,GA,Fulton,420,1395,1406.5,1400,1400,1493.5,1540
South Juanita,Kirkland,WA,King,421,1725.5,1746,1812,1900,1800,1807
Dilworth,Charlotte,NC,Mecklenburg,422,1409,1465,1409.5,1441,1432,1469
South River City,Austin,TX,Travis,423,1624,1599,1599,1699,1824,1839
Old Town Triangle,Chicago,IL,Cook,424,1995,1850,1800,1940,1950,2091
Isle of Normandy,Miami Beach,FL,Miami-Dade,425,1300,1300,1300,1300,1337.5,1350
Lower Garden District,New Orleans,LA,Orleans,426,1300,1382.5,1312.5,1300,1390,1385
Margate Park,Chicago,IL,Cook,427,1175,1195,1195,1250,1250,1185
Downtown West,Minneapolis,MN,Hennepin,428,1661,1767,2012,2015,2012.5,2025
Wellington-Harrington,Cambridge,MA,Middlesex,429,1850,1900,2000,2150,2200,2150
Downtown,New Haven,CT,New Haven,430,1983,1946.5,1960.5,1968,1977,1996
North Burnett,Austin,TX,Travis,431,1410,1559,1549,1496.5,1526,1585
Mount Vernon Square,Washington,DC,District of Columbia,432,2290,2300,2274.5,2330,2317,2410
Lowry Hill East,Minneapolis,MN,Hennepin,433,1498,1499.5,1550,1565,1534.5,1568
Forest Hills,Washington,DC,District of Columbia,434,1916,1882.5,1888.5,1949.5,2129.5,2130
Historic Old Northeast,Saint Petersburg,FL,Pinellas,435,850,997.5,950,1050,1150,1025
South Central Beach,Hollywood,FL,Broward,436,1850,1800,1800,1850,1900,1900
Goose Hollow,Portland,OR,Multnomah,437,1345,1380,1584,1573,1557.5,1492.5
Downtown,Austin,TX,Travis,438,2075,2080,2167.5,2101,2220,2250
Great Neck Plaza,Great Neck,NY,Nassau,439,2314,2123,2095,2150,2150,2500
Downtown,Columbus,OH,Franklin,440,1237,1223,1268.5,1300,1300,1299.5
East Chatham,Chicago,IL,Cook,441,750,775,800,750,750,750
Coral Ridge,Fort Lauderdale,FL,Broward,442,1600,1600,1575,1500,1500,1500
Southside Flats,Pittsburgh,PA,Allegheny,443,1275,1288.5,1355,1357.5,1330,1240
Victoria Park,Fort Lauderdale,FL,Broward,444,1300,1300,1350,1399.5,1399.5,1375
NoHo,New York,NY,New York,445,3795,3850,3785,3924.5,3950,3850
Core-Columbia,San Diego,CA,San Diego,446,2267.5,2277.5,2211.5,2199,2297,2285
Hyde Park,Austin,TX,Travis,447,1025,995,1025,1050,1050,1075
City Center,Aurora,CO,Arapahoe,448,1150,1143.5,1115,1100,1122.5,1145
West End,Boston,MA,Suffolk,449,2900,2920,2955,2999,3052.5,3020
North Lake,Charlotte,NC,Mecklenburg,449,986,986,986,986,1075,1096
Lower Queen Anne,Seattle,WA,King,451,1629.5,1625,1595,1600,1600,1595
North Capitol Hill,Denver,CO,Denver,452,1752.5,1692.5,1710,1714,1733,1740
Central,Raleigh,NC,Wake,453,1370,1360,1379,1395,1390,1415.5
West Loop Gate,Chicago,IL,Cook,454,2112.5,2084,2119,2000,1733.5,1705
Foxcroft,Charlotte,NC,Mecklenburg,455,1180.5,1220,1373,1373,1405,1410
Secret Cove,Jacksonville,FL,Duval,456,1044,1034,1058,1065,1065,1102
Marina,San Diego,CA,San Diego,457,2010,2012.5,1997.5,2099,2037.5,2140
Baker,Denver,CO,Denver,458,1437.5,1462,1518,1456,1485,1478.5
Business District,Irvine,CA,Orange,459,2255,2250,2176.5,2177,2127.5,2150
Pearl District,Portland,OR,Multnomah,460,1985,1988,1995,2040.5,2070,2062.5
South Main,Houston,TX,Harris,461,1140,1175,1210,1210,1190,1185
Crossroads,Bellevue,WA,King,462,1681,1655.5,1696,1764,1800,1840
North Loop,Austin,TX,Travis,463,1162.5,1025,1027.5,1030,1095,1200
Kerns,Portland,OR,Multnomah,464,1725,1697.5,1667,1787,1561,1573
Old West Austin,Austin,TX,Travis,465,1613,1610,1674.5,1695,1767,1769.5
Baldwin Park,Orlando,FL,Orange,466,1430,1430,1481,1547,1517.5,1522
Woodley Park,Washington,DC,District of Columbia,467,2000,2100,2164,2114,2100,2095
Zilker,Austin,TX,Travis,467,1558,1586.5,1595,1540,1640,1709
Braddock Road Metro,Alexandria,VA,Alexandria City,469,2080,2077.5,2080,2095,2080,2076
Mount Vernon,Baltimore,MD,Baltimore City,470,1270,1250,1195,1200,1175,1200
Beach,Pompano Beach,FL,Broward,471,1500,1462.5,1450,1495,1450,1450
Lindbergh,Atlanta,GA,Fulton,472,1695,1889,1859,1889,1995,1950
Barclay Downs,Charlotte,NC,Mecklenburg,473,1445,1450,1467.5,1520,1465,1475
Penrose,Arlington,VA,Arlington,474,1727,1751,1720,1700,1720,1655
Mid-Town Belvedere,Baltimore,MD,Baltimore City,475,1295,1300,1370,1350,1295,1255
New Eastside,Chicago,IL,Cook,476,2002.5,2090,2048,2099,2167,2124
Garment District,New York,NY,New York,477,3600,3625,3615,3593,3627.5,3750
North University,Austin,TX,Travis,478,1005,995,965,965,995,1000
South End,Stamford,CT,Fairfield,479,2220,2390,2369,2400,2416.5,2455
Southmoor Park,Denver,CO,Denver,480,1445,1455,1422.5,1430,1467,1510
Union Station,Denver,CO,Denver,481,2135,2250,2285,2305,2300,2250
Elizabeth,Charlotte,NC,Mecklenburg,481,1202,1245,1210,1251,1229,1253
Hartwell,Cincinnati,OH,Hamilton,483,715,707.5,705,692.5,755,800
Central Business District,Cincinnati,OH,Hamilton,484,1391,1365,1381,1367.5,1381,1399
Eastlake,Seattle,WA,King,485,1960,2022.5,1995,2150,2106,2018
Victorian Village,Columbus,OH,Franklin,486,1125,1212.5,1350,1290,1237.5,1237.5
St. Edwards,Austin,TX,Travis,487,1516,1516,1436.5,1478.5,1515,1556.5
Lyon Village,Arlington,VA,Arlington,488,2135,2165,2123,2121,2191,2224
Eckington,Washington,DC,District of Columbia,489,1940,1847.5,1825,1795,1820,1815
Lincoln Square,Chicago,IL,Cook,490,1425,1415,1405,1325,1325,1405
North Loop,Minneapolis,MN,Hennepin,491,1665,1655,1675,1656,1685,1706
South Pointe,Miami Beach,FL,Miami-Dade,492,2300,2195,2200,2350,2500,2370
Fulton River District,Chicago,IL,Cook,493,1952.5,2012,2018,2051,2026.5,2078
Goose Island,Chicago,IL,Cook,494,2125,2125,2180.5,2251,2275,2275
Fells Point,Baltimore,MD,Baltimore City,495,2025,1990.5,1851.5,1877,2007,2006
Mission Bay,San Francisco,CA,San Francisco,12,3699,3798,3975.5,4013,4088.5,4092.5
Downtown,Saint Louis,MO,Saint Louis City,497,1195,1157.5,1195,1135,1159,1103
Lindridge - Martin Manor,Atlanta,GA,Fulton,498,1285,1250,1260,1260,1227.5,1275
Murray Hill,Milwaukee,WI,Milwaukee,499,825,845,825,825,825,795
Long Branch Creek,Arlington,VA,Arlington,500,1577,1587,1640,1613.5,1649,1750
Yerba Buena,San Francisco,CA,San Francisco,13,3495,3450,3620.5,3672.5,3505,3625
Downtown,Providence,RI,Providence,502,1800,1772.5,1900,1875,1800,1700
Cathedral Heights,Washington,DC,District of Columbia,503,1947.5,1987.5,1870,1870,2085,1950
Westlake,Seattle,WA,King,504,2250,2205,2225,2125,2225,2200
Downtown,Washington,DC,District of Columbia,505,2497,2487,2476,2555,2397.5,2465
Eisenhower East,Alexandria,VA,Alexandria City,506,1815,1872,1880,1935,1955,1927.5
Park Side,Hollywood,FL,Broward,507,1150,1200,1200,1200,1250,1150
Underwood Hills,Atlanta,GA,Fulton,508,1330,1310,1298.5,1345.5,1372.5,1385
U Street Corridor,Washington,DC,District of Columbia,509,2565,2572,2599,2502.5,2649,2652
Biscayne Point,Miami Beach,FL,Miami-Dade,510,1220,1250,1250,1300,1275,1250
Navy Yard,Washington,DC,District of Columbia,511,2272,2283,2326,2323,2318.5,2355
Downtown,Redmond,WA,King,512,1850,1857.5,1888,1888,1927,1965
Wrigleyville,Chicago,IL,Cook,513,1587.5,1450,1350,1350,1475,1395
Friedrich Wilderness Park,San Antonio,TX,Bexar,514,1210,1210,1210,1131,1100,1180
Downtown Charlotte,Charlotte,NC,Mecklenburg,515,1685,1648,1684,1685,1670,1699
French Quarter,New Orleans,LA,Orleans,516,1600,1612.5,1700,1650,1662.5,1648
Central Business District,Pittsburgh,PA,Allegheny,517,1250,1250,1213,1270,1300,1319.5
Central Business District - Downtown,Kansas City,MO,Jackson,518,1250,1225,1249,1295,1293.5,1300
Downtown,Tulsa,OK,Tulsa,519,1095,1087.5,1160,1147.5,1075,1152.5
Courier City,Tampa,FL,Hillsborough,520,1320,1315,1415,1446,1426.5,1450
Plaza Midwood,Charlotte,NC,Mecklenburg,521,1300,1312.5,1310,1325,1330,1350
Central Business District,Orlando,FL,Orange,522,1389,1381,1415,1429,1439,1509
Downtown,Fort Lauderdale,FL,Broward,523,1859,1869,1850,1900,1874.5,1894
Downtown,Boston,MA,Suffolk,524,3200,3076,3075,3150,3128.5,3150
Central Business District,Denver,CO,Denver,525,1844,1895,1883.5,1923.5,1897.5,1902
Harbour Island,Tampa,FL,Hillsborough,526,1730,1852.5,1850,1820,1845,1810
North Highland,Arlington,VA,Arlington,527,1672,1686,1690,1680,1713,1748
Potomac Yard-Potomac Greens,Alexandria,VA,Alexandria City,528,1851,1870,1806,1870,1974,1964
West End,Washington,DC,District of Columbia,529,2670,2950,2895,2955,3065,3065
Orchard Hills,Irvine,CA,Orange,530,1950,1935,1982.5,1930,1930,1895
Flagler Heights,Fort Lauderdale,FL,Broward,531,1735,1784,1838,1850,1894,1873
Kearny Mesa,San Diego,CA,San Diego,532,2155,2185,2084.5,2145,2125,2152.5
City Center,Miami Beach,FL,Miami-Dade,533,2100,2100,2150,2100,2000,2000
Central Park,New York,NY,New York,534,2995,3074,3074,2995,2995,3137
Downtown,Salt Lake City,UT,Salt Lake,535,1450,1477.5,1490,1480,1512.5,1500
Fourth Ward,Charlotte,NC,Mecklenburg,536,1668,1648,1618.5,1603,1621,1624.5
Denny Triangle,Seattle,WA,King,537,2905,2940,2887.5,2935,2895,2945
North Charlotte,Charlotte,NC,Mecklenburg,538,1397,1379,1385,1384,1404,1421
Fairway Bend,Fort Worth,TX,Tarrant,539,1045,1050,1036,1093,1084,1067.5
The Strip,Las Vegas,NV,Clark,540,1997.5,2100,2097.5,2150,2200,2200
Central Beach Alliance,Fort Lauderdale,FL,Broward,541,1550,1512.5,1500,1500,1600,1595
NoMa,Washington,DC,District of Columbia,542,2149,2153,2210,2260,2290,2310
Colonial Village,Arlington,VA,Arlington,543,1765,1895,1950,1975,2077,2207
University City North,Charlotte,NC,Mecklenburg,544,966.5,969,1008.5,989.5,989,998
RMMA,Austin,TX,Travis,545,1599,1597.5,1560,1558.5,1650,1664
Buckhead Forest,Atlanta,GA,Fulton,546,1437,1437,1444,1429.5,1415,1427
Harbordale,Fort Lauderdale,FL,Broward,547,1400,1400,1450,1500,1500,1500
Carver City,Tampa,FL,Hillsborough,548,1495,1434,1450,1477,1539,1529
Irvine Spectrum,Irvine,CA,Orange,549,2167.5,2165,2160,2165,2155,2135
South Lake Union,Seattle,WA,King,550,2020,2030,2060,2085,2415,2416
Cedar-Isles-Dean,Minneapolis,MN,Hennepin,551,1736,1750,1760,1736,1746.5,1780
Dearborn Park,Chicago,IL,Cook,552,1925,1945,2002.5,2032,2029,2035
Shockoe Bottom,Richmond,VA,Richmond City,553,1095,1099,1180,1182,1179,1225
Hanover Place,Kansas City,MO,Jackson,554,895,895,895,896,903.5,884.5
Third Ward,Charlotte,NC,Mecklenburg,555,1474,1479,1469,1459.5,1412,1459
Monroe Ward,Richmond,VA,Richmond City,556,950,950,950,950,970,995
Central Business District,New Orleans,LA,Orleans,557,1600,1626.5,1625,1625,1687.5,1627.5
Lloyd,Portland,OR,Multnomah,558,1352,1323,1323,1366,1395,1431
South East Ravenswood,Chicago,IL,Cook,559,1240,1270,1240,1240,1240,1250
Tryon Hills,Charlotte,NC,Mecklenburg,560,1592.5,1505,1505,1515,1515,1490
South Eola,Orlando,FL,Orange,561,1741,1771,1776,1761,1755,1480
Little Italy,San Diego,CA,San Diego,562,2272.5,2630,2827.5,2600,2583,2528
Civic Center,Denver,CO,Denver,563,2125,2200,2135.5,2125,2100,2025
Gallaudet,Washington,DC,District of Columbia,564,2005.5,1963.5,1941,1967,2050.5,2122
Bay Village,Boston,MA,Suffolk,565,2400,2400,2400,2350,2350,2400
Downtown,West Palm Beach,FL,Palm Beach,566,1800,1800,1822.5,1800,1750,1750
Downtown,Tampa,FL,Hillsborough,567,1874,1874.5,1653,1653,1678,1678
Central Hyde Park,Kansas City,MO,Jackson,568,836.5,798,807,815,852.5,856.5
City Center District,Dallas,TX,Dallas,569,1568.5,1581,1587,1665,1575,1562.5
Stapleton,Denver,CO,Denver,570,1690,1715,1715,1710,1710,1710
East Chastain Park,Atlanta,GA,Fulton,571,1200,1215,1220,1220,1167.5,1170
Farmers Market District,Dallas,TX,Dallas,572,1332,1329,1309,1209,1239,1319
Old Westport,Kansas City,MO,Jackson,573,1138.5,1081,1119,1214,1211,1158
Berkeley Park,Atlanta,GA,Fulton,574,1485,1435,1435,1442.5,1510,1510
Wildwood,Atlanta,GA,Fulton,575,1304.5,1330,1325.5,1305,1317,1307.5
Old Town Manchester,Richmond,VA,Richmond City,576,1049,1199,1199,1082,1108,1065.5
Buckhead Village,Atlanta,GA,Fulton,577,1709,1644,1794.5,1617,1629,1659
Penn Quarter,Washington,DC,District of Columbia,578,2425,2475,2500,2500,2400,2397.5
Cambridge Highlands,Cambridge,MA,Middlesex,579,2430,2420,2457,2454,2653.5,2800
Allegheny Center,Pittsburgh,PA,Allegheny,580,960,952.5,1022.5,1110,1125,1165
Forest Crest,San Antonio,TX,Bexar,581,1405,1405,1405,1405,1430,1415
Main Street District,Dallas,TX,Dallas,582,1370,1365,1370,1360,1393,1490
Auraria,Denver,CO,Denver,583,2551,2726,2746,2782,2773,2792
Central Office,Richmond,VA,Richmond City,584,1195,1215,1295,1290,1280,1279
Quail Hill,Irvine,CA,Orange,585,1920,1930,1870,1885,1890,1887.5
West End Park,Nashville,TN,Davidson,586,1370,1365,1365,1388,1400,1434.5
Stacy Square,Nashville,TN,Davidson,587,1340,1365,1399,1419,1419,1444
City Center,Richmond,VA,Richmond City,588,1256.5,1243,1277,1219,1211,1219
Linwood,Fort Worth,TX,Tarrant,589,1336,1346,1279,1299,1289,1445
Playa Vista,Los Angeles,CA,Los Angeles,590,3395,3392.5,3395,3495,3447.5,3485
Alafaya,Orlando,FL,Orange,591,1228,1202,1221,1221,1182,1230.5
Winter Hill,Somerville,MA,Middlesex,591,1800,1750,1750,1795,1937.5,2050
Nonantum,Newton,MA,Middlesex,591,1775,1700,1750,1750,1750,1600
North Quincy,Quincy,MA,Norfolk,591,1627,1700,1700,1662.5,1700,1700
Castleton,Indianapolis,IN,Marion,591,815,846,846,846,861,884
Daniel Island,Charleston,SC,Charleston,591,1505,1501,1500,1404,1435,1442.5
East Somerville,Somerville,MA,Middlesex,591,1625,1625,1900,1950,1950,2100
Francisville,Philadelphia,PA,Philadelphia,591,1300,1300,1300,1300,1300,1300
Sandy Hill,Paterson,NJ,Passaic,591,1295,1225,1237.5,1225,1225,1225
Bemis,Watertown,MA,Middlesex,591,2331,2375,2350,2315,2395,2400
Highlands,Lowell,MA,Middlesex,591,1225,1235,1250,1275,1275,1302.5
Spring Hill,Somerville,MA,Middlesex,591,1850,1895,2000,2000,2000,2000
Chestnut Hill,Brookline,MA,Norfolk,591,2230,2267.5,2267.5,2250,2310,2320
Morrell Park,Philadelphia,PA,Philadelphia,591,954,975,995,1037.5,1022.5,1035
Spruce Hill,Philadelphia,PA,Philadelphia,591,1085,1095,1070,1037.5,1052.5,1050
Central,North Miami,FL,Miami-Dade,591,1100,1215,1226,1221,1100,1130
Society Hill,Philadelphia,PA,Philadelphia,591,1675,1695,1650,1767.5,1675,1650
Indian Creek,Carrollton,TX,Denton,591,1100,1115,1115,1134,1134,1134
Bear Creek,Irving,TX,Dallas,591,846,850,848.5,850,850,880
Cottonwood,Irving,TX,Dallas,591,995,1012.5,982.5,950,942.5,945
Downtown,Indianapolis,IN,Marion,591,1373,1375,1375,1300,1330,1303.5
West End,Malden,MA,Middlesex,591,1650,1650,1650,1650,1650,1650
Union Square,Somerville,MA,Middlesex,591,2025,2000,2100,2150,2100,2100
Downtown,Norfolk,VA,Norfolk City,591,1334,1329,1325,1278,1251,1259
Lawrence,Brookline,MA,Norfolk,591,2200,2200,2362.5,2350,2325,2270
Near Northside,Indianapolis,IN,Marion,591,775,772.5,812.5,825,885,824.5
Near Eastside,Indianapolis,IN,Marion,591,550,550,550,557.5,572.5,550
Logan Square,Philadelphia,PA,Philadelphia,591,1925,1915,2000,1899,1945,1898
Rittenhouse,Philadelphia,PA,Philadelphia,591,1827.5,1850,1841.5,1800,1750,1750
Graduate Hospital,Philadelphia,PA,Philadelphia,591,1300,1325,1400,1425,1450,1482.5
Callow Hill,Philadelphia,PA,Philadelphia,591,1775,1775,1799,1795,1800,1831
Northern Liberties,Philadelphia,PA,Philadelphia,591,1600,1600,1595,1597.5,1700,1700
Downtown,Harrisburg,PA,Dauphin,591,1000,960,960.5,961,980,1061
North Ponce de Leon,Coral Gables,FL,Miami-Dade,591,1475,1500,1600,1500,1500,1500
Quarry Heights,Wauwatosa,WI,Milwaukee,591,1395,1355,1395,1395,1395,1355
Downtown,Durham,NC,Durham,591,1470,1464,1455,1445,1430,1455
Lauderdale West,Plantation,FL,Broward,591,1406,1386,1347,1375,1403,1400
Downtown,Sandy Springs,GA,Fulton,591,1415,1415,1420,1420,1425,1415
Freeport-Hackberry,Irving,TX,Dallas,591,1216.5,1194.5,1182,1209,1231,1241
Southdale,Edina,MN,Hennepin,591,1635,1636,1600,1610,1642,1635
Corey Hill,Brookline,MA,Norfolk,591,2195,2215,2350,2395,2350,2225
Aspinwall Hill,Brookline,MA,Norfolk,591,2100,2100,1975,1950,1975,1962.5
Oak Grove-Pine Banks,Melrose,MA,Middlesex,591,2029,2105,2108.5,2207.5,2200,2275
Grogan's Mill,The Woodlands,TX,Montgomery,591,1363,1438,1388,1478,1470,1479
Downtown,Boca Raton,FL,Palm Beach,591,2296.5,2336.5,2314,2319,2316.5,2314
Downtown,Lowell,MA,Middlesex,591,1500,1500,1550,1600,1665,1800
Central Hill,Somerville,MA,Middlesex,591,1833,2000,1897.5,1895,1900,1912.5
Magoun Square,Somerville,MA,Middlesex,591,2050,2087.5,2300,2250,2175,2070
Davis Square,Somerville,MA,Middlesex,591,1900,2085,2050,2250,2375,2340
Downtown,Decatur,GA,Dekalb,591,1632,1572,1533,1522,1510,1550
Wilshire-Montana,Santa Monica,CA,Los Angeles,591,2795,2825,2700,2595,2695,2695
Downtown,Redwood City,CA,San Mateo,591,3401.5,3487,3424,3558,3635,3874
Main-Chicago,Evanston,IL,Cook,591,1425,1420,1420,1395,1395,1395
Wisconsin North,Bethesda,MD,Montgomery,591,2406,2403.5,2401,2530,2372,2386
Valley Ranch,Irving,TX,Dallas,591,1057,999,1019,1026,1082,1043.5
Las Colinas,Irving,TX,Dallas,591,1475.5,1523,1578,1542,1635,1677